City_ID,City,Lat,Lng,Max Temp,Humidity,Cloudiness,Wind Speed,Country,Date,Time
0,Adamstown,-25.066,-130.1015,23.99,82,89,3.44,PN,2024-01-03,09:04:25
1,Bayanhongor,46.7167,100.1167,-20.34,82,2,1.32,MN,2024-01-03,09:04:25
2,Byron Bay,-28.65,153.6167,24.28,89,6,4.06,AU,2024-01-03,09:04:25
3,Constantia,44.1833,28.65,6.5,78,100,4.65,RO,2024-01-03,09:02:24
4,Vavoua,7.3819,-6.4778,27.12,53,5,1.07,CI,2024-01-03,09:04:26
5,Ouesso,1.6136,16.0517,30.92,49,100,1.06,CG,2024-01-03,09:04:26
6,Bredasdorp,-34.5322,20.0403,21.84,74,100,6.8,ZA,2024-01-03,09:04:27
7,Hermanus,-34.4187,19.2345,24.89,69,78,6.43,ZA,2024-01-03,09:04:27
8,Marsh Harbour,26.5412,-77.0636,19.19,61,100,4.93,BS,2024-01-03,09:04:27
9,Stanley,54.868,-1.6985,5.01,95,75,0.0,GB,2024-01-03,09:04:27
10,Edinburgh Of The Seven Seas,-37.0676,-12.3116,17.54,98,100,5.2,SH,2024-01-03,09:04:28
11,Bethel,41.3712,-73.414,0.27,85,0,0.45,US,2024-01-03,09:04:28
12,Longyearbyen,78.2186,15.6401,-11.09,62,75,3.09,SJ,2024-01-03,09:04:28
13,Petropavlovsk-Kamchatsky,53.0452,158.6483,-14.75,80,74,1.79,RU,2024-01-03,09:04:29
14,Huangnihe,43.5583,128.0239,-12.86,95,29,2.17,CN,2024-01-03,09:04:29
15,Iqaluit,63.7506,-68.5145,-23.15,70,40,12.86,CA,2024-01-03,09:04:30
16,Touros,-5.1989,-35.4608,26.44,81,29,3.11,BR,2024-01-03,09:04:30
17,Albany,42.6001,-73.9662,2.12,81,100,0.45,US,2024-01-03,09:04:30
18,Aktobe,50.2797,57.2072,0.05,74,0,8.0,KZ,2024-01-03,09:02:14
19,Aracuai,-16.8497,-42.0703,22.37,98,100,0.47,BR,2024-01-03,09:04:31
20,Grytviken,-54.2811,-36.5092,0.46,69,14,4.09,GS,2024-01-03,09:04:31
21,Blackmans Bay,-43.0167,147.3167,15.85,86,100,0.45,AU,2024-01-03,09:04:32
22,Puerto Ayora,-0.7393,-90.3518,24.19,97,47,2.24,EC,2024-01-03,09:04:32
23,Atafu Village,-8.5421,-172.5159,29.43,74,89,4.17,TK,2024-01-03,09:04:32
24,Saint-Joseph,-21.3667,55.6167,30.21,73,100,2.17,RE,2024-01-03,09:04:32
25,Tiksi,71.6872,128.8694,-36.47,100,87,1.43,RU,2024-01-03,09:04:33
26,Minas De Marcona,-15.2119,-75.1103,16.18,87,88,3.86,PE,2024-01-03,09:04:33
27,Puerto Natales,-51.7236,-72.4875,7.15,90,100,1.24,CL,2024-01-03,09:04:34
28,Waitangi,-43.9535,-176.5597,13.23,81,89,2.1,NZ,2024-01-03,09:04:35
29,Odda,60.0691,6.5457,-10.15,82,100,7.41,NO,2024-01-03,09:04:35
30,Alpine,32.835,-116.7664,9.69,92,75,0.45,US,2024-01-03,09:04:35
31,West Island,-12.1568,96.8225,29.99,66,100,6.17,CC,2024-01-03,09:03:35
32,Utrik,11.2278,169.8474,26.99,74,32,9.26,MH,2024-01-03,09:04:37
33,Ottawa,45.4112,-75.6981,1.04,72,100,4.12,CA,2024-01-03,08:56:05
34,Yen Bai,21.7,104.8667,18.14,78,100,0.35,VN,2024-01-03,09:02:45
35,Prado,-17.3411,-39.2208,24.74,90,100,4.0,BR,2024-01-03,09:02:35
36,St. John'S,47.5649,-52.7093,-0.12,84,58,2.24,CA,2024-01-03,09:04:12
37,Nosy Varika,-20.5833,48.5333,30.43,65,89,5.16,MG,2024-01-03,09:04:38
38,Ribeira Brava,32.65,-17.0667,21.11,95,86,1.68,PT,2024-01-03,09:04:38
39,Ilulissat,69.2167,-51.1,-6.99,49,100,6.69,GL,2024-01-03,09:04:38
40,Iskateley,67.6803,53.1512,-13.27,90,100,8.32,RU,2024-01-03,09:04:39
41,Port-Aux-Francais,-49.35,70.2167,4.95,73,88,14.34,TF,2024-01-03,09:02:42
42,Anadyr,64.75,177.4833,-16.72,91,40,4.0,RU,2024-01-03,09:03:48
43,Mount Pearl,47.5166,-52.7813,-0.58,84,61,0.45,CA,2024-01-03,09:04:40
44,Papatowai,-46.5619,169.4708,12.86,76,90,1.99,NZ,2024-01-03,09:04:40
45,Nadi,-17.8,177.4167,27.0,78,40,2.06,FJ,2024-01-03,09:04:40
46,Dudinka,69.4058,86.1778,-39.62,100,97,1.34,RU,2024-01-03,09:04:40
47,Soio,-6.1349,12.3689,28.07,73,84,3.51,AO,2024-01-03,09:04:41
48,Bilibino,68.0546,166.4372,-30.98,100,100,0.05,RU,2024-01-03,08:59:45
49,Lebu,-37.6167,-73.65,13.02,95,19,6.56,CL,2024-01-03,09:02:48
50,Lihue,21.9789,-159.3672,21.31,88,100,3.6,US,2024-01-03,09:04:41
51,Grand Falls-Windsor,48.9332,-55.6649,-5.18,91,36,2.51,CA,2024-01-03,09:04:42
52,Manokwari,-0.8667,134.0833,27.88,76,100,1.06,ID,2024-01-03,09:04:43
53,Hithadhoo,-0.6,73.0833,28.49,73,21,4.42,MV,2024-01-03,09:04:43
54,Arteche,12.2645,125.4048,26.63,77,72,1.64,PH,2024-01-03,09:04:43
55,Olinda,-8.0089,-34.8553,24.85,100,40,2.06,BR,2024-01-03,09:04:36
56,Nova Sintra,14.8667,-24.7167,21.76,65,44,9.18,CV,2024-01-03,09:04:44
57,Ushuaia,-54.8,-68.3,7.81,87,20,1.54,AR,2024-01-03,08:51:30
58,Lorengau,-2.0226,147.2712,27.98,79,98,1.78,PG,2024-01-03,09:04:44
59,Itamaraca,-7.7478,-34.8256,25.03,82,26,2.9,BR,2024-01-03,09:04:44
60,Ciudad Madero,22.2667,-97.8333,21.14,89,100,0.47,MX,2024-01-03,09:00:15
61,Whitehorse,60.7161,-135.0538,-12.72,92,100,2.06,CA,2024-01-03,09:04:45
62,West End,26.6833,-78.9667,19.48,57,100,4.35,BS,2024-01-03,09:04:45
63,Neiafu,-18.65,-173.9833,26.4,83,47,8.35,TO,2024-01-03,09:04:46
64,La Passe,45.5549,-0.8967,11.13,80,51,9.43,FR,2024-01-03,09:04:47
65,Sestri Levante,44.2732,9.3968,15.35,92,100,1.79,IT,2024-01-03,09:04:47
66,Yuzhno-Kurilsk,44.0306,145.8556,-1.46,65,59,4.67,RU,2024-01-03,09:04:47
67,Badger,64.8,-147.5333,-18.69,79,0,3.09,US,2024-01-03,09:03:53
68,Punta Arenas,-53.15,-70.9167,11.06,58,0,2.57,CL,2024-01-03,09:01:54
69,Avarua,-21.2078,-159.775,25.03,83,75,6.69,CK,2024-01-03,09:03:02
70,Woolgoolga,-30.1106,153.2007,23.93,87,6,3.03,AU,2024-01-03,09:04:48
71,Puerto Lempira,15.2667,-83.7667,23.62,88,40,3.37,HN,2024-01-03,09:04:49
72,Gadzhiyevo,69.2551,33.3362,-16.29,75,100,10.69,RU,2024-01-03,09:01:08
73,East London,-33.0153,27.9116,24.84,71,45,5.69,ZA,2024-01-03,09:00:07
74,Vallenar,-28.5708,-70.7581,13.11,80,0,1.53,CL,2024-01-03,09:03:21
75,Orangeville,43.9168,-80.0997,-1.22,92,100,4.49,CA,2024-01-03,09:04:25
76,Kandalaksha,67.162,32.4123,-24.76,96,97,0.81,RU,2024-01-03,09:01:04
77,Xuchang,34.0167,113.8167,9.38,38,0,2.02,CN,2024-01-03,09:00:27
78,Atamanovka,51.93,113.63,-11.76,97,100,1.22,RU,2024-01-03,09:04:52
79,Plastun,44.7561,136.2939,-8.23,70,9,0.98,RU,2024-01-03,09:04:52
80,Crane,31.3974,-102.3501,6.23,74,6,2.4,US,2024-01-03,09:04:52
81,Konarka,19.9,86.1167,26.22,42,0,5.35,IN,2024-01-03,09:04:52
82,Port Saint John'S,-31.6229,29.5448,26.25,66,72,5.2,ZA,2024-01-03,09:04:53
83,Kaiapoi,-43.3783,172.6401,16.72,90,75,6.17,NZ,2024-01-03,09:04:53
84,Talnakh,69.4865,88.3972,-32.15,88,94,3.15,RU,2024-01-03,09:04:39
85,Kaspiyskiy,45.3929,47.3707,7.41,78,100,9.46,RU,2024-01-03,09:04:54
86,Olonkinbyen,70.9221,-8.7187,-0.77,97,100,6.35,SJ,2024-01-03,09:04:54
87,Kapa'A,22.0752,-159.319,21.72,91,100,3.6,US,2024-01-03,09:04:55
88,Aqadyr,48.2553,72.8483,-5.89,81,2,2.25,KZ,2024-01-03,09:04:55
89,Hamilton,39.1834,-84.5333,-0.98,89,95,1.34,US,2024-01-03,08:59:49
90,Kodiak,57.79,-152.4072,2.73,93,100,14.92,US,2024-01-03,09:04:56
91,Uzice,43.8586,19.8488,9.78,70,100,3.42,RS,2024-01-03,09:04:56
92,Bridgetown,13.1,-59.6167,26.61,71,1,6.34,BB,2024-01-03,09:00:20
93,Odesskoye,54.2111,72.9651,-20.3,91,100,2.59,RU,2024-01-03,09:04:57
94,Santa Terezinha,-29.9002,-50.0904,21.48,90,71,5.81,BR,2024-01-03,09:04:57
95,Covington,39.0837,-84.5086,-0.87,85,97,0.45,US,2024-01-03,09:01:00
96,Tsumeb,-19.2333,17.7167,26.41,41,92,2.69,NA,2024-01-03,09:00:18
97,Gusau,12.1628,6.6614,25.51,12,1,6.18,NG,2024-01-03,09:04:58
98,Margaret River,-33.95,115.0667,23.08,53,0,8.2,AU,2024-01-03,09:01:10
99,Kittila,67.6647,24.8936,-26.33,76,0,2.06,FI,2024-01-03,09:02:37
100,Alo,7.4178,6.7371,30.37,53,96,1.77,NG,2024-01-03,09:04:59
101,Nchelenge,-9.3451,28.734,21.91,86,100,2.29,ZM,2024-01-03,09:04:59
102,Usta Muhammad,28.1794,68.0445,24.12,17,0,1.23,PK,2024-01-03,09:04:59
103,Sungailiat,-1.85,106.1333,27.78,82,100,2.1,ID,2024-01-03,09:04:59
104,Pangody,65.85,74.4859,-28.6,98,97,4.41,RU,2024-01-03,09:05:00
105,Qaqortoq,60.7167,-46.0333,-6.79,73,99,3.38,GL,2024-01-03,09:04:50
106,Greenville,35.6127,-77.3663,0.97,93,0,0.0,US,2024-01-03,09:05:00
107,Tura,25.5198,90.2201,23.18,37,0,2.21,IN,2024-01-03,09:05:01
108,Hirara,24.8,125.2833,19.15,72,75,7.72,JP,2024-01-03,09:05:01
109,Georgetown,5.4112,100.3354,30.96,70,20,4.63,MY,2024-01-03,09:02:52
110,Yeniseysk,58.4497,92.1703,-13.17,90,100,3.68,RU,2024-01-03,09:01:16
111,Waynesboro,38.0685,-78.8895,0.71,68,0,3.6,US,2024-01-03,09:05:03
112,Zambezi,-13.5432,23.1047,23.3,78,96,2.49,ZM,2024-01-03,09:05:04
113,Aripuana,-9.1667,-60.6333,22.87,100,100,0.48,BR,2024-01-03,09:05:04
114,Kununurra,-15.7667,128.7333,26.99,78,75,4.12,AU,2024-01-03,09:05:04
115,Mount Gambier,-37.8333,140.7667,17.41,89,95,5.65,AU,2024-01-03,09:05:05
116,Vilyuchinsk,52.9306,158.4028,-13.93,73,43,3.31,RU,2024-01-03,09:03:20
117,Kumeny,58.1089,49.9161,-21.9,94,20,5.13,RU,2024-01-03,09:05:06
118,Guerrero Negro,27.9769,-114.0611,15.65,66,0,4.21,MX,2024-01-03,09:05:06
119,Juticalpa,14.65,-86.2,22.08,97,56,0.69,HN,2024-01-03,09:03:35
120,Richards Bay,-28.783,32.0377,27.59,55,7,3.41,ZA,2024-01-03,09:05:07
121,Semera,11.501,41.201,27.88,26,11,3.91,ET,2024-01-03,09:05:07
122,Ufa,54.775,56.0375,-8.35,96,100,4.02,RU,2024-01-03,09:00:19
123,Morondava,-20.2833,44.2833,29.0,76,95,7.55,MG,2024-01-03,09:05:08
124,Klaksvik,62.2266,-6.589,4.51,91,100,12.67,FO,2024-01-03,09:05:08
125,Kruisfontein,-34.0033,24.7314,21.05,78,85,5.29,ZA,2024-01-03,09:00:46
126,Lubao,14.9167,120.55,31.84,72,68,1.03,PH,2024-01-03,09:05:08
127,Hobyo,5.3505,48.5268,27.63,59,43,9.19,SO,2024-01-03,09:05:09
128,Rzepin,52.3464,14.8323,9.54,74,84,7.85,PL,2024-01-03,09:05:09
129,Kingston,17.997,-76.7936,22.91,97,15,1.35,JM,2024-01-03,09:03:13
130,Sonseca,39.6775,-3.9745,9.67,87,100,4.69,ES,2024-01-03,09:05:10
131,Mukalla,14.5425,49.1242,26.73,54,15,3.54,YE,2024-01-03,09:05:10
132,Puerto Armuelles,8.2833,-82.8667,23.57,81,8,2.01,PA,2024-01-03,09:05:10
133,Barrancas,10.9576,-72.7877,22.74,91,57,0.43,CO,2024-01-03,09:05:11
134,Lagos,6.5833,3.75,32.1,55,76,1.32,NG,2024-01-03,09:00:27
135,Zaragoza,41.6561,-0.8773,16.93,72,40,5.14,ES,2024-01-03,09:05:12
136,Igarka,67.4667,86.5833,-37.63,99,19,1.69,RU,2024-01-03,09:05:12
137,Kerikeri,-35.2268,173.9474,18.28,81,100,0.38,NZ,2024-01-03,09:05:13
138,College,64.8569,-147.8028,-18.64,82,5,2.29,US,2024-01-03,09:02:25
139,Wailua Homesteads,22.0669,-159.378,20.97,91,100,3.6,US,2024-01-03,09:05:13
140,Fort Bragg,35.139,-79.006,0.11,86,0,0.0,US,2024-01-03,09:05:14
141,Kish,26.5578,54.0194,23.17,55,11,6.85,IR,2024-01-03,09:05:14
142,Aleksandrov Gay,50.147,48.5704,5.17,93,100,7.89,RU,2024-01-03,09:05:14
143,Tsetserleg,47.475,101.4542,-9.85,58,0,9.58,MN,2024-01-03,09:00:08
144,Belmonte,-15.8631,-38.8828,25.32,87,53,3.06,BR,2024-01-03,09:05:15
145,Tyukalinsk,55.8732,72.1967,-26.23,94,30,2.26,RU,2024-01-03,09:05:15
146,Upington,-28.4478,21.2561,34.54,19,25,2.62,ZA,2024-01-03,09:05:15
147,Youngsville,30.0996,-91.9901,8.02,83,100,5.14,US,2024-01-03,09:05:16
148,Isafjordur,66.0755,-23.124,3.02,81,75,1.54,IS,2024-01-03,09:00:59
149,Khvansar,33.2205,50.315,6.35,31,0,1.72,IR,2024-01-03,09:05:17
150,Tukrah,32.5341,20.5791,17.94,51,97,4.95,LY,2024-01-03,09:05:17
151,Xining,36.6167,101.7667,1.15,25,0,0.91,CN,2024-01-03,09:05:18
152,Bani Walid,31.7566,13.9942,14.59,68,0,4.12,LY,2024-01-03,09:05:18
153,Piotrkow Kujawski,52.5511,18.4991,9.39,83,100,7.57,PL,2024-01-03,09:05:19
154,Sitka,57.0531,-135.33,3.94,93,100,0.0,US,2024-01-03,09:05:19
155,Jamestown,42.097,-79.2353,-0.8,97,100,4.63,US,2024-01-03,09:03:33
156,Chonchi,-42.6128,-73.8092,12.56,99,96,1.14,CL,2024-01-03,09:04:06
157,Kasulu,-4.5767,30.1025,19.91,89,100,1.76,TZ,2024-01-03,09:05:20
158,Acapulco De Juarez,16.8634,-99.8901,23.1,60,67,1.98,MX,2024-01-03,09:00:23
159,Azadshahr,34.7909,48.5707,6.58,50,14,3.84,IR,2024-01-03,09:05:21
160,Tobelo,1.7284,128.0095,28.29,80,37,3.39,ID,2024-01-03,09:05:21
161,Bonthe,7.5264,-12.505,27.57,79,49,0.73,SL,2024-01-03,09:05:21
162,Ancud,-41.8697,-73.8203,11.87,95,100,1.68,CL,2024-01-03,09:05:22
163,Brisas De Zicatela,15.8369,-97.0419,23.68,66,1,1.83,MX,2024-01-03,09:05:22
164,Hammerfest,70.6634,23.6821,-1.75,80,75,6.17,NO,2024-01-03,09:05:23
165,Bereznik,62.8551,42.7072,-31.01,99,47,0.3,RU,2024-01-03,09:05:24
166,At Taj,24.2049,23.2857,18.33,30,0,3.45,LY,2024-01-03,09:05:24
167,Hun,29.1268,15.9477,15.77,45,10,2.19,LY,2024-01-03,09:03:27
168,Clinton,42.587,-82.9199,1.08,88,75,3.6,US,2024-01-03,09:04:47
169,Ankazobe,-18.3167,47.1167,25.45,60,100,4.72,MG,2024-01-03,09:05:25
170,Przemysl,49.785,22.7673,6.91,84,100,7.3,PL,2024-01-03,09:05:25
171,Chulym,55.0997,80.9572,-19.54,94,100,5.94,RU,2024-01-03,09:05:26
172,Cabo San Lucas,22.8909,-109.9124,19.31,77,5,1.67,MX,2024-01-03,09:05:27
173,Kuybyshevo,47.8123,38.9073,0.79,60,36,6.5,RU,2024-01-03,09:05:28
174,Sault Ste. Marie,46.5168,-84.3333,0.16,90,100,5.66,CA,2024-01-03,09:05:28
175,Susuman,62.7833,148.1667,-33.9,100,99,0.45,RU,2024-01-03,09:05:28
176,Tateyama,34.9833,139.8667,10.05,69,100,1.72,JP,2024-01-03,09:02:20
177,Camayenne,9.535,-13.6878,25.88,74,4,1.51,GN,2024-01-03,09:05:29
178,Shihezi,44.3,86.0333,-0.72,80,22,1.1,CN,2024-01-03,09:03:11
179,Nizhniy Odes,63.6445,54.856,-31.83,100,99,1.76,RU,2024-01-03,09:05:29
180,Tucuma,-0.1833,-50.05,24.39,93,100,2.71,BR,2024-01-03,09:04:59
181,Karratha,-20.7377,116.8463,31.43,45,0,9.11,AU,2024-01-03,09:05:30
182,Muisne,0.6,-80.0333,24.52,93,99,2.84,EC,2024-01-03,09:05:30
183,Surabaya,-7.2492,112.7508,28.34,60,40,1.54,ID,2024-01-03,09:01:58
184,Tazovsky,67.4667,78.7,-31.95,98,100,2.82,RU,2024-01-03,09:05:31
185,Bandarbeyla,9.4942,50.8122,26.65,56,97,8.78,SO,2024-01-03,09:05:32
186,Esfarayen,37.0765,57.5101,8.73,40,96,2.86,IR,2024-01-03,09:05:32
187,Villanueva Del Pardillo,40.4833,-3.9667,11.01,98,100,2.04,ES,2024-01-03,08:59:46
188,Invercargill,-46.4,168.35,14.45,81,81,4.02,NZ,2024-01-03,09:00:33
189,Pingzhuang,42.0372,119.2889,-10.52,88,1,2.29,CN,2024-01-03,09:05:33
190,Abepura,-2.6333,140.5833,27.45,83,20,1.03,ID,2024-01-03,09:05:33
191,Freeport,40.6576,-73.5832,2.43,74,0,4.63,US,2024-01-03,09:05:34
192,Altai,46.3722,96.2583,-14.43,76,14,1.16,MN,2024-01-03,09:05:34
193,Mount Isa,-20.7333,139.5,39.87,22,75,2.57,AU,2024-01-03,09:05:35
194,Flin Flon,54.7682,-101.865,-18.65,96,92,1.15,CA,2024-01-03,09:03:08
195,Qarazhal,48.0078,70.7903,-6.36,88,10,3.07,KZ,2024-01-03,09:05:35
196,Arraial Do Cabo,-22.9661,-42.0278,23.92,94,75,2.57,BR,2024-01-03,09:02:44
197,San Patricio,28.017,-97.5169,13.92,89,100,4.76,US,2024-01-03,09:05:36
198,Morehead City,34.7229,-76.726,5.55,81,0,1.54,US,2024-01-03,09:05:36
199,Prince Rupert,54.3161,-130.3201,5.05,93,100,4.12,CA,2024-01-03,09:05:37
200,Udachny,66.4167,112.4,-44.34,100,93,0.26,RU,2024-01-03,09:04:35
201,Yellowknife,62.456,-114.3525,-24.21,86,74,3.58,CA,2024-01-03,09:00:41
202,Tabou,4.423,-7.3528,28.45,73,10,2.73,CI,2024-01-03,09:05:37
203,Jindabyne,-36.4167,148.6333,16.43,93,100,1.34,AU,2024-01-03,09:03:38
204,Ribeira Grande,38.5167,-28.7,16.22,63,40,6.69,PT,2024-01-03,09:05:38
205,Port Elizabeth,-33.918,25.5701,23.39,85,75,3.09,ZA,2024-01-03,09:05:16
206,Vire,48.9167,-0.8333,10.66,85,91,8.27,FR,2024-01-03,09:05:38
207,Uturoa,-16.7333,-151.4333,27.08,79,92,9.85,PF,2024-01-03,09:05:39
208,Rio Grande,-32.035,-52.0986,21.08,85,99,7.91,BR,2024-01-03,09:05:39
209,South Grafton,-29.7,152.95,25.82,87,3,1.82,AU,2024-01-03,09:04:32
210,Sao Borja,-28.6606,-56.0044,19.97,89,1,1.01,BR,2024-01-03,09:05:40
211,Sheksna,59.21,38.5107,-29.02,97,18,2.48,RU,2024-01-03,09:01:34
212,Kalamnuri,19.6667,77.3333,28.96,29,0,2.17,IN,2024-01-03,09:05:40
213,Torghay,49.6339,63.4981,-1.7,89,65,5.52,KZ,2024-01-03,09:05:41
214,Fort St. John,56.2499,-120.8529,-7.92,95,100,1.28,CA,2024-01-03,09:05:41
215,Fisterra,42.9049,-9.2629,13.19,82,88,6.87,ES,2024-01-03,09:05:41
216,Vorgashor,67.5833,63.95,-21.19,98,100,8.7,RU,2024-01-03,09:05:42
217,Weno,7.4515,151.8468,25.97,94,100,2.06,FM,2024-01-03,09:05:20
218,Ilula,-7.6766,36.0366,21.96,81,100,0.89,TZ,2024-01-03,09:05:42
219,Port Mathurin,-19.6833,63.4167,28.22,73,89,3.1,MU,2024-01-03,09:05:43
220,Sitangkai,4.6628,119.3928,28.35,78,51,4.71,PH,2024-01-03,09:05:43
221,Drama,41.1544,24.1394,12.59,70,100,1.27,GR,2024-01-03,09:05:44
222,Selkirk,50.1436,-96.8845,-12.57,90,32,3.56,CA,2024-01-03,09:05:44
223,Agat Village,13.3886,144.6585,28.06,86,0,3.6,GU,2024-01-03,09:05:44
224,Kayangel,8.0823,134.7173,28.89,74,10,3.86,PW,2024-01-03,09:05:44
225,Lakatoro,-16.0999,167.4164,27.89,82,100,2.87,VU,2024-01-03,09:05:45
226,Ginebra,46.2022,6.1457,12.5,67,75,5.66,CH,2024-01-03,09:03:05
227,Afaahiti,-17.75,-149.2833,25.93,84,99,9.5,PF,2024-01-03,09:05:45
228,Estevan,49.1334,-102.9842,-8.81,96,8,1.66,CA,2024-01-03,09:05:45
229,Mexia,31.6799,-96.4822,6.06,95,100,3.09,US,2024-01-03,09:05:46
230,Bodo,67.28,14.405,-8.98,48,0,10.29,NO,2024-01-03,09:05:47
231,Bol'Sherech'Ye,56.0925,74.6272,-25.62,93,6,2.89,RU,2024-01-03,09:05:47
232,Osakarovka,50.565,72.5692,-11.12,90,97,4.56,KZ,2024-01-03,09:05:47
233,Sur,22.5667,59.5289,26.38,47,0,2.55,OM,2024-01-03,09:05:48
234,Flying Fish Cove,-10.4217,105.6791,27.82,78,75,3.6,CX,2024-01-03,09:05:49
235,Princeville,45.7668,-61.2985,-1.43,91,70,1.65,CA,2024-01-03,09:05:49
236,Pontian Kechil,1.4866,103.3896,30.56,86,100,3.13,MY,2024-01-03,09:05:49
237,Thompson,55.7435,-97.8558,-25.44,91,15,2.09,CA,2024-01-03,09:05:50
238,Buta,2.7858,24.73,33.85,27,100,0.46,CD,2024-01-03,09:05:50
239,Laon,49.5667,3.6667,10.39,75,66,9.68,FR,2024-01-03,09:05:50
240,Kristiansund,63.1115,7.732,-2.64,39,0,3.6,NO,2024-01-03,09:05:51
241,Hasaki,35.7333,140.8333,10.22,61,100,1.31,JP,2024-01-03,09:01:02
242,Inhambane,-23.865,35.3833,28.69,53,10,4.79,MZ,2024-01-03,09:03:15
243,Port Angeles,48.1181,-123.4307,7.61,100,0,4.12,US,2024-01-03,09:05:52
244,Labuan,5.2767,115.2417,28.95,74,100,4.82,MY,2024-01-03,09:04:10
245,Coahuayana De Hidalgo,18.7,-103.6583,21.28,66,99,1.47,MX,2024-01-03,09:03:43
246,Saipan,15.1355,145.701,27.93,81,12,5.89,MP,2024-01-03,09:01:23
247,Gaspe,48.8334,-64.4819,-5.36,91,99,1.51,CA,2024-01-03,09:05:53
248,Mpulungu,-8.7623,31.1141,24.86,80,72,1.82,ZM,2024-01-03,09:05:54
249,Waspan,14.7419,-83.9717,21.17,96,73,1.69,NI,2024-01-03,09:05:54
250,Bridgewater,44.3835,-64.5155,-6.32,95,11,1.63,CA,2024-01-03,09:05:54
251,Beaufort West,-32.3567,22.583,28.64,36,0,2.28,ZA,2024-01-03,09:05:55
252,Trairi,-3.2778,-39.2689,25.78,85,100,2.23,BR,2024-01-03,09:05:39
253,Ierapetra,35.01,25.7353,18.41,66,1,3.13,GR,2024-01-03,09:05:55
254,Dalian,38.9122,121.6022,-1.04,59,0,3.0,CN,2024-01-03,08:57:23
255,Bardai,11.65,7.2333,25.22,13,1,5.16,NG,2024-01-03,09:05:56
256,Kone,-21.0595,164.8658,27.0,75,85,1.5,NC,2024-01-03,09:05:56
257,Nar'Yan-Mar,67.6713,53.087,-13.2,90,100,8.37,RU,2024-01-03,09:05:56
258,Labrador City,52.9463,-66.9114,-21.13,99,84,1.45,CA,2024-01-03,09:05:57
259,Maragogi,-9.0122,-35.2225,25.97,83,40,3.33,BR,2024-01-03,09:05:57
260,Happy Valley-Goose Bay,53.3168,-60.3315,-8.8,94,100,1.86,CA,2024-01-03,09:04:47
261,Skowhegan,44.7651,-69.7192,-4.69,95,84,0.59,US,2024-01-03,09:05:58
262,Kushiro,42.975,144.3747,-3.26,80,100,2.52,JP,2024-01-03,09:05:58
263,Covilha,40.286,-7.504,13.09,96,100,1.79,PT,2024-01-03,09:05:59
264,San Salvador De Jujuy,-24.1946,-65.2971,18.46,93,93,1.11,AR,2024-01-03,09:03:04
265,Ust-Nera,64.5667,143.2,-39.53,98,90,2.16,RU,2024-01-03,09:05:59
266,Slavkov U Brna,49.1533,16.8765,9.84,90,0,1.54,CZ,2024-01-03,09:06:00
267,Kasempa,-13.4584,25.8338,24.98,68,69,1.88,ZM,2024-01-03,09:06:00
268,Cidreira,-30.1811,-50.2056,21.92,89,47,6.65,BR,2024-01-03,09:06:01
269,Chui,-33.6971,-53.4616,19.74,83,92,5.02,UY,2024-01-03,09:06:01
270,Zheleznodorozhnyy,55.7503,38.0042,-20.36,88,73,4.02,RU,2024-01-03,09:02:29
271,Lubang,13.8584,120.124,27.66,77,64,2.47,PH,2024-01-03,09:06:02
272,Uyuni,-20.4597,-66.825,11.72,61,48,2.74,BO,2024-01-03,09:06:02
273,Visby,57.6409,18.296,-4.42,74,75,12.86,SE,2024-01-03,09:06:03
274,Hrubieszow,50.805,23.8925,4.04,96,100,3.91,PL,2024-01-03,09:06:03
275,Arkhangel'Sk,64.5401,40.5433,-24.94,77,100,1.0,RU,2024-01-03,09:06:04
276,Vilyuysk,63.7553,121.6247,-32.93,100,100,1.13,RU,2024-01-03,09:06:04
277,Enewetak,11.3474,162.3373,27.37,75,100,8.39,MH,2024-01-03,09:02:57
278,George Town,5.4112,100.3354,30.96,70,20,4.63,MY,2024-01-03,09:02:52
279,Balakovo,52.0278,47.8007,-1.68,97,100,4.39,RU,2024-01-03,09:06:06
280,Nema,57.5067,50.5011,-19.62,90,33,5.09,RU,2024-01-03,09:06:06
281,Karachi,24.9056,67.0822,24.9,36,6,2.06,PK,2024-01-03,09:00:15
282,Saldanha,-33.0117,17.9442,23.35,62,3,3.82,ZA,2024-01-03,09:02:56
283,Lincoln City,44.9582,-124.0179,10.08,90,52,1.34,US,2024-01-03,09:06:07
284,Porto Velho,-8.7619,-63.9039,25.03,94,75,1.54,BR,2024-01-03,09:06:07
285,Mcalester,34.9334,-95.7697,1.05,86,40,1.54,US,2024-01-03,09:06:08
286,Mil'Kovo,55.6078,37.7956,-20.32,84,87,3.7,RU,2024-01-03,09:06:08
287,Usogorsk,63.4106,48.6872,-33.52,99,64,1.07,RU,2024-01-03,09:06:08
288,Mili,6.0815,171.735,28.09,82,85,8.92,MH,2024-01-03,09:06:09
289,Mariental,-24.6333,17.9667,35.24,16,46,6.89,NA,2024-01-03,09:06:09
290,Muli,2.9167,73.5667,27.93,73,9,0.78,MV,2024-01-03,09:06:10
291,Lensk,60.7253,114.9278,-27.08,99,98,1.61,RU,2024-01-03,09:06:10
292,New Norfolk,-42.7826,147.0587,16.51,98,100,1.36,AU,2024-01-03,09:06:10
293,Fabens,31.5023,-106.1586,11.43,54,0,1.85,US,2024-01-03,09:06:11
294,Minab,27.1467,57.0801,24.6,50,2,4.93,IR,2024-01-03,09:01:14
295,Kem',64.9555,34.5793,-24.74,99,68,2.58,RU,2024-01-03,09:06:11
296,Pacific Grove,36.6177,-121.9166,11.35,84,40,3.09,US,2024-01-03,09:06:12
297,Severo-Yeniseyskiy,60.3725,93.0408,-16.9,96,100,2.68,RU,2024-01-03,09:06:12
298,Vila Velha,-20.3297,-40.2925,23.97,96,100,3.6,BR,2024-01-03,09:06:12
299,Keflavik,64.0049,-22.5624,3.24,87,75,4.63,IS,2024-01-03,09:06:13
300,Aleksandrovsk-Sakhalinskiy,50.8975,142.1561,-19.69,98,23,2.01,RU,2024-01-03,09:06:13
301,Hawaiian Paradise Park,19.5933,-154.9731,21.13,93,75,2.57,US,2024-01-03,09:06:13
302,Lantana,26.5867,-80.052,13.01,86,0,2.57,US,2024-01-03,09:06:14
303,Thunder Bay,48.4001,-89.3168,-5.05,74,75,7.2,CA,2024-01-03,09:06:14
304,Chapaev,50.2,51.1667,2.48,78,100,7.23,KZ,2024-01-03,09:06:14
305,Puerto Baquerizo Moreno,-0.9,-89.6,24.48,85,87,4.92,EC,2024-01-03,09:06:15
306,Yonan-Up,37.9089,126.1611,1.21,81,45,5.22,KP,2024-01-03,09:06:15
307,Tokonou,9.65,-9.7833,24.48,18,52,1.19,GN,2024-01-03,09:06:15
308,Sisimiut,66.9395,-53.6735,-6.36,68,100,6.24,GL,2024-01-03,09:06:16
309,Karoi,-16.8099,29.6925,25.27,61,44,2.3,ZW,2024-01-03,09:06:16
310,Pangoa,-12.1167,-73.0,21.27,100,100,0.58,PE,2024-01-03,09:06:16
311,Yamada,39.4667,141.95,4.82,90,100,1.56,JP,2024-01-03,09:06:17
312,Sinop,41.7711,34.8709,8.24,70,98,2.11,TR,2024-01-03,09:06:17
313,Nagqu,31.5,92.0,-6.23,24,50,2.04,CN,2024-01-03,09:04:00
314,Pizarro,4.9533,-77.366,24.47,92,100,2.4,CO,2024-01-03,09:06:18
315,Mogadishu,2.0371,45.3438,29.2,57,75,7.41,SO,2024-01-03,09:05:55
316,Port Alfred,-33.5906,26.891,23.43,80,85,0.89,ZA,2024-01-03,09:05:39
317,Portland,45.5234,-122.6762,6.72,86,75,5.14,US,2024-01-03,09:03:57
318,Howrah,22.5892,88.3103,24.0,53,0,3.09,IN,2024-01-03,09:06:20
319,Alice Springs,-23.7,133.8833,35.75,19,95,6.69,AU,2024-01-03,09:06:21
320,Chernomorskoye,45.5039,32.6997,8.97,73,99,7.35,UA,2024-01-03,09:06:21
321,Shalqar,47.8333,59.6,2.2,88,73,6.22,KZ,2024-01-03,09:06:21
322,Georgievka,49.3314,81.5761,-6.58,85,48,2.14,KZ,2024-01-03,09:06:22
323,North Bend,43.4065,-124.2243,8.81,93,100,3.09,US,2024-01-03,09:06:22
324,Chimoio,-19.1164,33.4833,26.05,60,21,3.32,MZ,2024-01-03,09:06:22
325,Luderitz,-26.6481,15.1594,23.52,71,85,4.99,NA,2024-01-03,09:06:23
326,Ola,59.5833,151.2833,-24.82,90,77,2.63,RU,2024-01-03,09:06:23
327,Myitkyina,25.3833,97.4,25.39,33,0,0.62,MM,2024-01-03,09:03:41
328,Mata-Utu,-13.2816,-176.1745,28.72,72,28,4.05,WF,2024-01-03,09:06:25
329,Urumqi,43.801,87.6005,-3.47,74,100,1.0,CN,2024-01-03,09:06:25
330,Pointe-Noire,-4.7761,11.8635,28.45,73,92,3.2,CG,2024-01-03,09:02:05
331,Mossel Bay,-34.1831,22.146,21.96,91,99,4.98,ZA,2024-01-03,09:06:26
332,Sola,-13.8833,167.55,27.8,77,100,6.42,VU,2024-01-03,09:06:26
333,Tuscaloosa,33.2098,-87.5692,-2.12,93,0,2.06,US,2024-01-03,09:04:31
334,Xam Nua,20.4197,104.0439,18.43,77,92,1.91,LA,2024-01-03,09:06:26
335,Belozersk,60.0326,37.7957,-31.68,100,30,1.34,RU,2024-01-03,09:06:27
336,Dibai,28.2167,78.25,19.92,26,0,0.77,IN,2024-01-03,09:06:27
337,Ugoofaaru,5.6667,73.0,27.4,81,29,5.15,MV,2024-01-03,09:06:28
338,Timimoun,29.2639,0.231,14.7,37,0,3.39,DZ,2024-01-03,09:03:00
339,Bhadasar,28.2833,74.3167,19.24,13,0,3.39,IN,2024-01-03,09:06:28
340,Mocimboa,-11.3167,40.35,31.82,57,100,2.22,MZ,2024-01-03,09:06:29
341,Ndele,8.4109,20.6473,32.06,13,100,3.03,CF,2024-01-03,09:06:29
342,Nemuro,43.3236,145.575,-1.82,62,73,2.45,JP,2024-01-03,09:06:19
343,Vahdat,38.5563,69.0135,12.41,44,38,2.0,TJ,2024-01-03,09:06:29
344,Kinablangan,7.6947,126.5503,27.29,82,70,2.32,PH,2024-01-03,09:06:30
345,Mejit,10.2753,170.8646,27.32,75,82,9.63,MH,2024-01-03,09:06:30
346,Zhumysker,49.3333,49.4,4.27,85,100,6.36,KZ,2024-01-03,09:06:30
347,Auki,-8.7676,160.7034,26.55,87,100,0.7,SB,2024-01-03,09:06:31
348,Inarajan Village,13.2736,144.7484,28.08,90,79,5.41,GU,2024-01-03,09:06:31
349,Bom Despacho,-19.7364,-45.2522,19.93,98,100,2.55,BR,2024-01-03,09:06:32
350,Glenville,41.0354,-73.6599,2.16,82,63,0.45,US,2024-01-03,09:06:32
351,Bati,11.1833,40.0167,22.9,36,19,3.72,ET,2024-01-03,09:06:33
352,Hastings,50.8552,0.5729,11.27,41,76,12.71,GB,2024-01-03,09:06:33
353,Aasiaat,68.7098,-52.8699,-14.95,85,100,4.67,GL,2024-01-03,09:06:33
354,Holualoa,19.6228,-155.9522,21.91,83,100,1.54,US,2024-01-03,09:06:34
355,Krasnyy Yar,46.5331,48.3456,5.96,84,100,4.69,RU,2024-01-03,09:06:34
356,Alta,69.9689,23.2717,-16.41,72,75,4.12,NO,2024-01-03,09:06:34
357,Makuyuni,-4.7333,38.1,31.34,52,82,2.49,TZ,2024-01-03,09:06:35
358,Glace Bay,46.1969,-59.957,-3.01,88,8,4.43,CA,2024-01-03,09:04:42
359,Evanston,42.0411,-87.6901,0.38,80,100,3.09,US,2024-01-03,09:05:30
360,Natal,-5.795,-35.2094,24.36,94,20,1.54,BR,2024-01-03,09:06:36
361,Khandyga,62.6667,135.6,-30.24,100,95,0.71,RU,2024-01-03,09:06:36
362,Carnarvon,-24.8667,113.6333,30.21,54,0,12.17,AU,2024-01-03,09:05:31
363,Kavaratti,10.5669,72.642,26.71,80,78,4.42,IN,2024-01-03,09:06:37
364,Aldinga Beach,-35.2793,138.4604,24.49,70,100,3.62,AU,2024-01-03,09:06:37
365,Porbandar,21.6422,69.6093,26.96,25,0,2.65,IN,2024-01-03,09:06:38
366,Padangsidempuan,1.3667,99.2667,26.16,87,92,0.9,ID,2024-01-03,09:06:38
367,Ypsonas,34.6884,32.9574,19.47,68,20,7.72,CY,2024-01-03,09:06:39
368,Williamson,30.6502,-97.6003,7.37,91,100,4.63,US,2024-01-03,09:06:40
369,Hanceville,34.0607,-86.7675,3.64,75,98,0.68,US,2024-01-03,09:06:40
370,El Alto,-4.2714,-81.2147,21.79,79,100,5.86,PE,2024-01-03,09:03:42
371,Meybod,32.2501,54.0166,16.01,32,3,2.25,IR,2024-01-03,09:06:40
372,Ma'Ili,21.4219,-158.1803,23.71,78,75,1.54,US,2024-01-03,09:06:41
373,Pasuquin,18.3328,120.6177,25.97,73,75,9.77,PH,2024-01-03,09:06:41
374,Ville Platte,30.688,-92.2715,6.61,96,100,5.14,US,2024-01-03,09:06:41
375,Margate,51.3813,1.3862,9.93,81,78,4.92,GB,2024-01-03,09:06:42
376,Penarth,51.4394,-3.1761,9.75,93,75,7.2,GB,2024-01-03,09:06:42
377,Nizhniy Lomov,53.5304,43.6766,-15.6,92,100,5.64,RU,2024-01-03,09:06:42
378,Rongelap,11.1635,166.8941,27.33,80,11,9.09,MH,2024-01-03,09:06:43
379,Ahiri,19.4,80.0167,31.87,30,0,1.3,IN,2024-01-03,09:06:43
380,Jardin America,-27.0435,-55.227,19.11,99,11,0.14,AR,2024-01-03,09:06:44
381,Jiexiu,37.0244,111.9125,0.05,62,0,1.69,CN,2024-01-03,09:06:44
382,Anloga,5.7947,0.8973,29.67,67,10,0.97,GH,2024-01-03,09:06:44
383,Loiza,18.4313,-65.8802,23.99,86,20,0.0,PR,2024-01-03,09:06:44
384,Romanovskaya,47.5426,42.0285,3.89,96,92,5.81,RU,2024-01-03,09:06:45
385,Tolanaro,-25.0319,46.9987,24.3,86,98,4.74,MG,2024-01-03,09:06:45
386,San Luis De La Loma,17.2706,-100.8939,22.89,52,99,2.07,MX,2024-01-03,09:06:45
387,Sao Vicente,-23.9631,-46.3919,26.1,26,100,0.8,BR,2024-01-03,09:06:46
388,Cruzeiro Do Sul,-29.5128,-51.9853,19.18,94,84,0.66,BR,2024-01-03,09:06:46
389,Daru,-9.0763,143.2092,28.35,81,42,3.73,PG,2024-01-03,09:06:46
390,Manggar,-2.8833,108.2667,27.03,85,100,2.53,ID,2024-01-03,09:06:38
391,Honiara,-9.4333,159.95,26.4,88,100,1.98,SB,2024-01-03,09:05:50
392,Aldan,58.6031,125.3894,-29.11,98,46,2.22,RU,2024-01-03,09:06:47
393,Raja,8.4596,25.678,28.18,15,86,3.79,SS,2024-01-03,09:06:48
394,Dazuocun,24.8862,118.9643,14.68,78,7,11.94,CN,2024-01-03,09:06:48
395,Vernon,50.2581,-119.2691,2.56,89,100,0.16,CA,2024-01-03,09:06:48
396,Tanout,14.9709,8.8879,22.44,15,39,6.08,NE,2024-01-03,09:06:48
397,Ilebo,-4.3167,20.5833,28.62,62,98,0.73,CD,2024-01-03,09:06:49
398,Hami,42.8,93.45,-2.85,72,27,0.62,CN,2024-01-03,09:06:49
399,Malvan,16.0667,73.4667,28.65,48,74,4.97,IN,2024-01-03,09:05:50
400,Macau,22.2006,113.5461,21.89,60,20,7.2,MO,2024-01-03,09:06:34
401,Nurota,40.5614,65.6886,11.36,34,43,0.77,UZ,2024-01-03,09:04:56
402,Kalevala,65.2,31.1667,-28.28,99,73,1.34,RU,2024-01-03,09:06:50
403,Polyarnyy,69.1989,33.4478,-15.65,74,100,9.96,RU,2024-01-03,09:06:51
404,Petropavlovka,50.6114,105.3196,-10.48,96,100,0.74,RU,2024-01-03,09:06:52
405,Greymouth,-42.4667,171.2,13.48,87,67,3.49,NZ,2024-01-03,09:06:52
406,Ghat,24.9647,10.1728,14.51,29,0,3.89,LY,2024-01-03,09:05:56
407,Pundong,-7.9522,110.3486,28.81,77,100,2.95,ID,2024-01-03,09:06:11
408,Betioky,-23.7167,44.3833,31.03,52,58,2.95,MG,2024-01-03,09:06:53
409,Katsuura,35.1333,140.3,11.32,73,99,1.61,JP,2024-01-03,09:06:53
410,Elazig,38.6743,39.2232,2.83,93,100,0.51,TR,2024-01-03,09:06:53
411,Swakopmund,-22.6833,14.5333,19.82,73,60,2.46,NA,2024-01-03,09:06:54
412,Changji,44.0167,87.3167,-1.56,74,77,1.0,CN,2024-01-03,09:03:57
413,Korla,41.7597,86.1469,-0.78,61,100,4.24,CN,2024-01-03,09:06:54
414,Dalkola,25.85,87.85,24.8,27,0,1.99,IN,2024-01-03,09:06:55
415,Yatou,37.15,122.3833,-0.11,82,7,4.15,CN,2024-01-03,09:03:51
416,Praia Da Vitoria,38.7333,-27.0667,14.86,85,36,3.99,PT,2024-01-03,09:06:56
417,Fort Mcmurray,56.7268,-111.381,-16.08,87,6,1.26,CA,2024-01-03,09:06:56
418,Tra Vinh,9.9347,106.3453,28.74,68,66,3.47,VN,2024-01-03,09:03:19
419,Namtsy,62.7161,129.6658,-31.83,100,98,0.89,RU,2024-01-03,09:06:57
420,Quellon,-43.1167,-73.6167,12.7,92,98,2.29,CL,2024-01-03,09:06:57
421,Puchezh,56.9788,43.1676,-25.54,95,38,4.19,RU,2024-01-03,09:06:57
422,Peterhead,57.5058,-1.7981,5.22,94,100,13.74,GB,2024-01-03,09:06:58
423,Xiongzhou,25.1167,114.3,14.4,40,0,4.14,CN,2024-01-03,09:03:49
424,Salalah,17.0151,54.0924,28.13,40,43,4.88,OM,2024-01-03,09:02:20
425,Nicoya,10.1483,-85.452,22.26,91,7,1.55,CR,2024-01-03,09:06:58
426,Extrema,-22.8547,-46.3183,18.43,96,99,1.46,BR,2024-01-03,09:06:59
427,Buala,-8.145,159.5921,28.11,79,98,0.83,SB,2024-01-03,09:06:59
428,Fale Old Settlement,-9.3852,-171.2468,29.43,73,11,4.36,TK,2024-01-03,09:07:00
429,Srivardhan,18.0333,73.0167,27.91,54,1,5.03,IN,2024-01-03,09:07:00
430,Boguchany,58.3814,97.4531,-3.41,94,100,3.58,RU,2024-01-03,09:07:01
431,Tofol,5.3248,163.0078,28.31,79,4,8.23,FM,2024-01-03,09:07:01
432,Anna Regina,7.2644,-58.5077,26.2,76,61,4.79,GY,2024-01-03,09:07:02
433,Pago Pago,-14.2781,-170.7025,27.88,77,32,5.77,AS,2024-01-03,09:07:02
434,Asubulaq,49.5583,83.0558,-7.59,88,79,1.21,KZ,2024-01-03,09:07:02
435,Itapirapua,-15.8233,-50.6133,22.18,97,98,0.81,BR,2024-01-03,09:07:03
436,Caconda,-13.7333,15.0667,17.62,48,99,1.81,AO,2024-01-03,09:07:04
437,Kailua-Kona,19.6406,-155.9956,23.98,87,100,1.54,US,2024-01-03,09:03:09
438,Plouzane,48.3833,-4.6167,11.18,82,75,12.35,FR,2024-01-03,09:07:04
439,Lautoka,-17.6167,177.4667,26.92,78,40,2.06,FJ,2024-01-03,09:04:44
440,Silver City,32.7701,-108.2803,4.24,78,0,2.57,US,2024-01-03,09:07:05
441,Uvinza,-5.1036,30.3911,20.65,95,100,1.98,TZ,2024-01-03,09:07:05
442,Klyuchi,52.2667,79.1667,-14.59,84,100,5.48,RU,2024-01-03,09:05:46
443,Umm Kaddadah,13.6017,26.6876,24.66,15,3,6.75,SD,2024-01-03,09:07:06
444,Tulay Na Lupa,14.0934,122.7862,24.96,89,40,2.11,PH,2024-01-03,09:07:06
445,Nosivka,50.9315,31.5828,-5.6,60,100,4.5,UA,2024-01-03,09:07:07
446,Queenstown,-31.8976,26.8753,28.66,32,2,1.58,ZA,2024-01-03,09:07:07
447,Glowno,51.9646,19.7157,8.36,100,100,8.88,PL,2024-01-03,09:06:22
448,Turpan,42.9333,89.1667,2.57,41,40,1.31,CN,2024-01-03,09:04:06
449,Port Lincoln,-34.7333,135.8667,17.88,90,100,2.49,AU,2024-01-03,09:07:08
450,Petushki,55.9264,39.461,-24.27,93,66,3.42,RU,2024-01-03,09:07:08
451,Kapuskasing,49.4169,-82.4331,-8.95,86,100,3.09,CA,2024-01-03,09:05:55
452,Saudarkrokur,65.7461,-19.6394,-2.25,86,100,3.08,IS,2024-01-03,09:07:09
453,Kill Devil Hills,36.0307,-75.676,4.01,85,0,2.06,US,2024-01-03,09:07:09
454,Novaya Ladoga,60.1025,32.3019,-26.78,98,39,2.26,RU,2024-01-03,09:07:10
455,Sarangani,5.4033,125.4636,28.41,79,84,7.68,PH,2024-01-03,09:07:10
456,Akureyri,65.6835,-18.0878,-3.09,98,99,1.66,IS,2024-01-03,09:05:46
457,Chekmagush,55.1319,54.6556,-9.6,95,100,4.22,RU,2024-01-03,09:07:10
458,Lompoc,34.6391,-120.4579,12.51,89,100,4.12,US,2024-01-03,09:07:11
459,Nagai,38.1036,140.035,4.27,98,100,0.61,JP,2024-01-03,09:04:20
460,Springfield,37.2153,-93.2982,0.1,94,0,0.0,US,2024-01-03,09:07:11
461,Olyokminsk,60.3736,120.4264,-31.99,100,59,0.59,RU,2024-01-03,09:07:12
462,Lakhipur,26.0299,90.3041,24.41,44,0,1.18,IN,2024-01-03,09:07:13
463,Behror,27.8833,76.2833,19.02,35,0,1.56,IN,2024-01-03,09:03:07
464,Naha,26.2125,127.6811,17.95,77,75,13.89,JP,2024-01-03,09:02:19
465,San Antonio De Pale,-1.4014,5.6325,27.4,77,98,4.66,GQ,2024-01-03,09:07:13
466,Male,4.1748,73.5089,27.51,78,9,2.65,MV,2024-01-03,09:07:14
467,Selfoss,63.9331,-20.9971,0.91,84,100,3.9,IS,2024-01-03,09:07:14
468,West Bay,19.3667,-81.4167,23.89,72,87,0.45,KY,2024-01-03,09:07:14
469,Hotan,37.0997,79.9269,4.7,26,68,2.27,CN,2024-01-03,09:02:25
470,Ruteng,-8.6136,120.4721,21.52,84,99,1.17,ID,2024-01-03,09:07:15
471,Novo Horizonte,-21.4681,-49.2208,21.4,88,100,2.28,BR,2024-01-03,09:04:42
472,Taungdwingyi,20.0167,95.55,28.77,32,2,2.45,MM,2024-01-03,09:07:15
473,Luanda,-8.8368,13.2343,25.04,78,100,4.59,AO,2024-01-03,09:07:15
474,Rehoboth,-23.3167,17.0833,31.51,20,54,3.41,NA,2024-01-03,09:07:16
475,San Rafael Del Sur,11.8485,-86.4384,24.34,71,24,4.24,NI,2024-01-03,09:07:16
476,Port Isabel,26.0734,-97.2086,18.02,92,100,6.17,US,2024-01-03,09:07:16
477,Chokwe,-24.5333,32.9833,29.65,49,30,2.14,MZ,2024-01-03,09:07:17
478,Ketchikan,55.3422,-131.6461,4.99,93,100,0.0,US,2024-01-03,09:07:17
479,Corn Island,12.1694,-83.0418,26.92,79,12,7.07,NI,2024-01-03,09:07:17
480,Dawson Creek,55.7666,-120.2362,-8.2,93,100,1.03,CA,2024-01-03,09:07:18
481,Ebon,4.582,168.6964,28.66,80,5,8.42,MH,2024-01-03,09:07:19
482,Barpeta,26.3167,91.0,25.56,34,0,1.95,IN,2024-01-03,09:07:19
483,Carauari,-4.8828,-66.8958,23.24,99,78,0.58,BR,2024-01-03,09:07:19
484,Castel San Giovanni,45.0583,9.4335,8.17,79,100,2.18,IT,2024-01-03,09:07:19
485,Thinadhoo,0.5333,72.9333,28.24,75,6,5.02,MV,2024-01-03,09:07:20
486,Nanao,37.05,136.9667,8.99,85,100,2.59,JP,2024-01-03,09:06:40
487,Rikaze,29.25,88.8833,2.63,16,33,2.86,CN,2024-01-03,09:07:20
488,Vitorino Freire,-4.0667,-45.1667,23.15,97,97,0.53,BR,2024-01-03,09:07:21
489,Craig,40.5153,-107.5464,-8.21,85,0,0.0,US,2024-01-03,09:07:21
490,Nottuln,51.9333,7.35,9.15,76,99,9.33,DE,2024-01-03,09:07:21
491,Itoman,26.1247,127.6694,19.43,84,75,13.89,JP,2024-01-03,09:07:22
492,Oltinko'L,40.8011,72.1634,8.73,32,99,0.19,UZ,2024-01-03,09:07:22
493,Montignoso,44.024,10.1726,11.06,92,100,2.8,IT,2024-01-03,09:07:22
494,Wallersdorf,48.7333,12.75,10.47,84,73,8.39,DE,2024-01-03,09:07:23
495,Saurimo,-9.6608,20.3916,19.0,98,100,3.08,AO,2024-01-03,09:07:23
496,Labytnangi,66.6572,66.4183,-21.03,89,66,4.65,RU,2024-01-03,09:07:23
497,Urrugne,43.3636,-1.6992,13.89,92,75,1.54,FR,2024-01-03,09:07:24
498,Newnham,-41.3833,147.1333,20.47,88,100,3.6,AU,2024-01-03,09:07:24
499,Bubaque,11.2833,-15.8333,25.99,68,68,0.19,GW,2024-01-03,09:07:25
500,La'Ie,21.6477,-157.9253,23.67,75,23,1.79,US,2024-01-03,09:02:55
501,Gracemere,-23.4333,150.45,28.95,65,30,4.12,AU,2024-01-03,09:07:25
502,Tabas,33.5959,56.9244,16.12,29,20,1.03,IR,2024-01-03,09:07:26
503,Heroica Ciudad De Tlaxiaco,17.2667,-97.6833,8.57,66,34,1.07,MX,2024-01-03,09:07:27
504,Broome,42.2506,-75.833,-0.18,84,100,3.09,US,2024-01-03,09:06:19
505,Undurkhaan,47.3194,110.6556,-12.58,77,61,3.25,MN,2024-01-03,09:05:28
506,Winnetka,42.1081,-87.7359,0.29,81,100,2.06,US,2024-01-03,09:07:27
507,Kandukur,15.2167,79.9167,26.85,59,79,5.47,IN,2024-01-03,09:07:28
508,Viqueque,-8.8673,126.3658,30.5,66,99,2.42,TL,2024-01-03,09:07:28
509,Dunedin,-45.8742,170.5036,12.67,91,77,1.79,NZ,2024-01-03,08:57:37
510,Bumba,2.1833,22.4667,31.82,41,85,1.0,CD,2024-01-03,09:07:29
511,Cockburn Town,21.4612,-71.1419,24.23,65,97,6.78,TC,2024-01-03,09:04:01
512,Boshkengash,38.4661,68.8053,13.19,44,28,2.0,TJ,2024-01-03,09:07:30
513,Nha Trang,12.25,109.1833,28.0,75,35,6.23,VN,2024-01-03,09:07:10
514,Machico,32.7,-16.7667,21.11,90,40,2.57,PT,2024-01-03,09:07:30
515,Antsohihy,-14.8796,47.9875,30.61,67,100,3.57,MG,2024-01-03,09:07:31
516,Kargasok,59.0556,80.8572,-27.24,96,98,4.02,RU,2024-01-03,09:05:35
517,Papao,-17.75,-149.55,26.82,87,94,10.43,PF,2024-01-03,09:07:31
518,Zaozersk,69.4005,32.4476,-16.89,74,100,8.94,RU,2024-01-03,09:07:32
519,Caleta De Carquin,-11.0925,-77.6267,21.27,87,98,3.12,PE,2024-01-03,09:07:32
520,Nuuk,64.1835,-51.7216,0.34,43,75,1.03,GL,2024-01-03,09:07:33
521,Bel Ombre,-4.6167,55.4167,27.05,81,100,8.18,SC,2024-01-03,09:07:33
522,Veraval,20.9,70.3667,27.22,28,0,1.74,IN,2024-01-03,09:07:33
523,Kupang,-10.1667,123.5833,29.32,84,75,2.06,ID,2024-01-03,09:07:33
524,Rio Do Sul,-27.2142,-49.6431,20.22,100,100,0.59,BR,2024-01-03,09:04:28
525,Pathanamthitta,9.2667,76.7833,30.41,47,84,1.93,IN,2024-01-03,09:04:23
526,Santa Cruz,-17.8,-63.1667,23.7,94,75,4.12,BO,2024-01-03,09:07:34
527,Dalandzadgad,43.5708,104.425,-3.52,50,23,2.77,MN,2024-01-03,09:07:35
528,Luwingu,-10.2621,29.9271,22.4,82,57,3.76,ZM,2024-01-03,09:07:35
529,Broken Hill,-31.95,141.4333,33.15,29,100,8.65,AU,2024-01-03,09:07:36
530,Sal Rei,16.1833,-22.9167,22.11,83,0,3.6,CV,2024-01-03,09:07:36
531,Magadan,59.5667,150.8,-24.62,86,71,2.32,RU,2024-01-03,09:07:36
532,Zeya,53.75,127.2667,-21.95,99,99,1.28,RU,2024-01-03,09:07:37
533,General Mosconi,-23.1851,-62.303,23.3,84,39,2.56,AR,2024-01-03,09:07:38
534,Murashi,59.3999,48.9615,-25.48,96,43,2.51,RU,2024-01-03,09:07:38
535,Tobruk,32.0836,23.9764,17.36,48,96,4.48,LY,2024-01-03,09:06:28
536,Midelt,32.6852,-4.7451,12.04,31,0,3.39,MA,2024-01-03,09:07:39
537,Hedemora,60.2797,15.9886,-8.8,88,100,2.24,SE,2024-01-03,09:07:39
538,Valparaiso,-33.0393,-71.6273,15.8,88,100,0.0,CL,2024-01-03,09:07:40
539,Thika,-1.0333,37.0693,24.98,51,26,4.19,KE,2024-01-03,09:03:28
540,Nantucket,41.2835,-70.0995,0.08,80,0,2.57,US,2024-01-03,09:03:35
541,Grantsville,40.5999,-112.4644,4.35,51,100,2.29,US,2024-01-03,09:07:41
542,Narrabri,-30.3167,149.7833,29.73,48,83,0.45,AU,2024-01-03,09:02:48
543,Conselheiro Lafaiete,-20.6603,-43.7861,18.8,99,100,1.0,BR,2024-01-03,09:06:53
544,Island Harbour,50.724,-1.2758,11.07,86,81,4.47,GB,2024-01-03,09:07:42
545,Fuyu,45.1833,124.8167,-12.56,91,7,4.17,CN,2024-01-03,09:07:43
546,Hadibu,12.65,54.0333,26.25,58,41,5.46,YE,2024-01-03,09:03:50
547,Paragominas,-2.9667,-47.4833,22.39,97,100,1.1,BR,2024-01-03,09:07:43
548,Coronel Dorrego,-38.7187,-61.2873,18.34,52,17,6.13,AR,2024-01-03,09:07:44
549,Pauini,-7.7136,-66.9764,23.65,91,99,0.84,BR,2024-01-03,09:07:44
550,Sidney,-33.8679,151.2073,25.61,78,0,8.23,AU,2024-01-03,09:07:44
551,Puerto San Jose,13.9256,-90.8244,23.75,72,4,2.29,GT,2024-01-03,09:07:45
552,West Samoset,27.4695,-82.5568,11.94,70,0,2.57,US,2024-01-03,09:07:45
553,Pangai,-19.8,-174.35,25.98,80,62,8.33,TO,2024-01-03,09:07:23
554,Sarmiento,-45.5882,-69.07,16.3,59,2,3.44,AR,2024-01-03,09:07:46
555,Haapsalu,58.9431,23.5414,-16.03,77,0,6.63,EE,2024-01-03,09:07:46
556,Sao Jose Da Coroa Grande,-8.8978,-35.1478,26.19,83,39,3.66,BR,2024-01-03,09:07:46
557,Uruzgan,32.8333,66.0,9.54,37,71,3.34,AF,2024-01-03,09:07:47
558,Tuensang,26.2833,94.8333,19.5,44,2,1.23,IN,2024-01-03,09:07:48
559,Tarakan,3.3,117.6333,28.41,75,100,2.88,ID,2024-01-03,09:04:24
560,Awjilah,29.1081,21.2869,17.57,39,0,2.58,LY,2024-01-03,09:07:48
561,Dubbo,-32.25,148.6167,29.07,48,100,9.77,AU,2024-01-03,09:00:36
562,Westport,41.1415,-73.3579,1.98,81,0,2.06,US,2024-01-03,09:07:49
563,Alofi,-19.0595,-169.9187,26.21,78,10,7.34,NU,2024-01-03,09:07:49
564,Belel,7.05,14.4333,26.05,15,96,3.21,CM,2024-01-03,09:07:49
565,Berdigestyakh,62.0989,126.6992,-34.25,100,98,0.68,RU,2024-01-03,09:07:50
566,Zayed City,24.3768,54.589,23.78,56,1,5.68,AE,2024-01-03,09:07:50
567,Pionerskiy,54.9508,20.2275,-3.25,84,100,13.3,RU,2024-01-03,09:07:51
568,Ciudad Bolivar,8.1222,-63.5497,23.76,86,12,4.43,VE,2024-01-03,09:07:51
569,Atherton,53.5237,-2.4935,7.94,97,100,0.8,GB,2024-01-03,09:07:51
570,Varangaon,21.0167,75.9,30.73,27,0,1.1,IN,2024-01-03,09:04:30
571,Ponta Delgada,37.7333,-25.6667,16.4,59,75,2.57,PT,2024-01-03,09:07:52
572,Fortuna,40.5982,-124.1573,8.19,95,75,6.69,US,2024-01-03,09:07:52
573,Juan Griego,11.0817,-63.9655,24.84,88,35,4.67,VE,2024-01-03,09:07:53
574,Camiri,-20.05,-63.5167,21.27,94,100,1.07,BO,2024-01-03,09:07:53
